Enrollment_ID,Student_ID,Course_ID,GPA,Admitted
1,1327,14,2.74,1
2,1588,10,2.41,0
3,2489,20,2.52,1
4,2107,2,2.09,1
5,2526,18,2.66,1
6,2203,4,2.18,1
7,1025,1,3.13,1
8,1996,18,3.54,0
9,2105,2,3.62,0
10,2761,2,2.17,0
11,1614,10,3.39,1
12,2844,16,3.25,1
13,2513,19,2.15,1
14,2588,3,3.41,1
15,2085,9,2.2,1
16,2507,20,2.23,0
17,2089,14,2.7,1
18,2327,10,3.92,0
19,2183,19,3.1,0
20,2058,12,3.14,1
21,1286,11,3.78,1
22,2026,20,3.12,1
23,2142,1,3.07,1
24,1252,16,3.09,0
25,1113,20,3.24,1
26,2923,6,3.91,1
27,1737,13,2.77,1
28,1173,16,2.73,1
29,1689,9,3.67,1
30,1842,19,2.67,1
31,1821,11,2.18,1
32,1120,3,2.19,0
33,1908,17,3.62,1
34,2825,10,2.14,1
35,1754,13,2.11,1
36,1478,12,3.43,1
37,1200,6,2.03,0
38,1958,12,3.95,0
39,2743,7,3.38,1
40,1900,14,3.39,1
41,2456,11,3.67,1
42,2290,12,3.79,1
43,1335,17,3.96,0
44,1942,2,2.69,1
45,1321,20,3.38,1
46,2259,2,2.05,1
47,1404,15,2.93,0
48,1713,1,2.15,0
49,2747,13,2.92,0
50,2454,12,2.46,1
51,1088,16,3.05,0
52,1648,3,3.13,1
53,1655,6,3.57,1
54,1266,19,2.84,1
55,1508,4,3.4,1
56,1360,5,3.84,1
57,2511,15,3.29,1
58,2705,4,2.35,1
59,2144,3,3.73,1
60,1824,2,3.99,1
61,1300,5,3.97,1
62,2211,16,3.13,0
63,1683,5,3.68,1
64,1409,9,3.23,1
65,2977,18,3.63,0
66,2643,5,,1
67,1566,12,3.21,0
68,2425,10,2.93,1
69,2575,6,3.83,1
70,1903,8,3.79,1
71,1666,15,2.58,0
72,2718,5,2.43,1
73,1035,13,3.66,1
74,2027,16,2.98,0
75,2325,13,3.46,0
76,2730,1,2.95,1
77,1821,5,2.03,0
78,2609,10,3.21,1
79,2950,8,2.17,1
80,2354,17,2.59,1
81,2206,4,3.04,1
82,2761,2,3.16,1
83,1264,16,3.45,1
84,2469,9,3.06,1
85,2575,11,3.26,1
86,2301,11,3.54,0
87,2130,12,3.3,1
88,2928,11,3.93,1
89,2945,19,2.94,0
90,1224,5,3.87,1
91,2297,9,2.0,1
92,2491,3,3.36,0
93,1247,5,2.05,1
94,1028,15,2.34,0
95,2297,8,2.54,1
96,2084,10,2.85,1
97,2868,9,3.67,1
98,2695,4,2.21,1
99,1716,12,3.86,1
100,1601,8,2.16,1
101,1663,1,2.12,1
102,1887,6,2.57,1
103,1565,2,2.27,1
104,1384,14,2.52,0
105,1089,13,3.52,1
106,2386,9,3.65,0
107,2788,15,2.34,1
108,1133,18,3.59,1
109,1032,15,3.3,1
110,2391,13,3.5,1
111,2348,15,2.96,1
112,1954,8,2.64,1
113,1219,12,2.97,0
114,2166,8,3.55,0
115,1320,3,3.67,1
116,1664,10,3.29,0
117,2447,17,2.76,1
118,2220,19,2.84,1
119,1182,10,3.96,1
120,2912,18,2.29,0
121,2823,18,2.73,0
122,2038,3,3.04,1
123,2095,3,3.23,0
124,1404,10,2.98,0
125,2562,11,3.45,1
126,2267,11,3.38,1
127,1470,6,2.57,0
128,2562,14,2.8,1
129,2075,20,2.4,1
130,2656,8,3.28,1
131,1028,9,3.09,1
132,2026,7,3.75,1
133,1848,4,3.22,1
134,1394,3,3.15,1
135,2205,15,3.36,1
136,1915,3,3.91,0
137,1074,11,2.04,0
138,1191,3,2.0,1
139,1849,4,2.17,1
140,2797,4,2.88,0
141,2155,20,2.3,1
142,1177,20,2.03,1
143,1405,9,3.98,1
144,1527,16,2.54,1
145,1622,14,2.64,1
146,1684,15,3.96,1
147,2445,19,3.13,0
148,2449,1,3.76,1
149,1486,9,2.11,1
150,1333,9,3.67,0
151,1358,17,2.39,0
152,2843,3,2.25,1
153,1295,15,2.76,1
154,1861,4,3.1,1
155,1133,3,3.88,1
156,2944,4,2.25,1
157,1721,9,3.22,1
158,1966,5,2.6,0
159,1342,9,3.47,0
160,2095,7,3.92,1
161,2600,1,2.12,0
162,1106,14,3.51,1
163,2692,3,3.34,1
164,2379,1,2.29,1
165,1695,4,2.84,1
166,2598,16,3.52,1
167,2863,15,3.09,1
168,1832,15,2.33,0
169,1283,14,2.09,0
170,1821,7,3.53,1
171,2570,7,2.52,1
172,1753,9,3.04,1
173,1264,2,2.31,1
174,2378,20,2.28,0
175,2641,2,,1
176,1668,20,2.66,1
177,2618,3,3.07,1
178,1844,17,3.34,0
179,1423,2,3.83,1
180,2924,5,3.97,1
181,1165,2,3.7,0
182,2517,10,2.97,1
183,1033,5,2.45,1
184,2005,1,3.68,1
185,2103,3,,0
186,1488,14,3.08,1
187,2519,20,2.7,1
188,2735,2,3.5,1
189,2364,17,3.21,1
190,2175,19,3.71,1
191,1477,8,2.54,1
192,1393,18,3.52,1
193,2009,1,3.27,1
194,2772,12,3.25,1
195,2308,18,3.62,1
196,2427,12,3.66,1
197,2834,20,2.29,1
198,2573,20,2.98,0
199,1027,6,3.64,1
200,2014,16,3.68,1
201,1194,6,3.89,1
202,2759,10,3.96,0
203,2062,6,3.28,1
204,1218,17,3.19,0
205,1676,9,2.74,0
206,2848,3,3.76,1
207,2568,1,2.72,1
208,2796,12,3.87,0
209,2354,12,3.31,0
210,1431,9,2.82,1
211,1862,7,3.84,1
212,1634,14,3.62,1
213,2886,19,2.98,1
214,1702,16,3.93,1
215,1839,6,3.36,0
216,2083,2,3.14,1
217,2959,6,2.41,0
218,2485,7,2.13,1
219,1810,17,2.71,1
220,2433,17,3.25,1
221,2770,11,2.76,1
222,2907,7,2.64,1
223,1050,8,2.91,0
224,2184,14,2.74,0
225,1927,3,3.92,0
226,2274,16,3.36,1
227,1067,19,3.96,1
228,1944,19,2.13,1
229,1801,4,3.41,1
230,1204,8,3.19,1
231,2109,6,2.19,1
232,1964,6,2.25,1
233,1248,3,3.59,1
234,1531,19,2.58,1
235,1487,16,2.06,1
236,2348,17,2.85,1
237,2580,20,3.43,1
238,1368,8,3.23,1
239,1499,19,3.98,1
240,1277,15,2.86,0
241,1371,14,3.25,1
242,2056,2,2.71,1
243,1489,5,2.33,1
244,2968,20,3.99,0
245,2065,15,2.1,1
246,1954,19,2.44,1
247,2329,10,2.21,0
248,1050,12,3.66,1
249,1339,13,2.16,1
250,2230,17,2.74,1
251,1539,3,3.44,0
252,1028,17,3.25,0
253,2296,14,4.0,1
254,1598,7,3.53,1
255,2742,3,2.66,0
256,2029,16,2.4,1
257,2788,2,2.84,0
258,1578,10,3.23,1
259,1902,15,2.15,1
260,2532,2,3.56,0
261,2265,1,2.82,1
262,2006,6,3.66,0
263,2289,13,2.47,1
264,2947,19,2.34,1
265,1159,16,,0
266,1998,10,2.38,0
267,2102,9,2.88,1
268,2721,10,3.76,1
269,1017,4,3.11,0
270,1570,10,3.43,0
271,1410,7,3.84,1
272,1597,6,2.51,1
273,2067,6,,1
274,2017,15,2.52,1
275,2116,15,2.49,1
276,2326,1,2.22,1
277,1168,20,2.41,1
278,2161,19,2.03,1
279,2675,12,2.62,1
280,1894,19,2.45,1
281,1310,6,3.87,0
282,1426,14,2.87,1
283,1459,15,3.71,1
284,1721,18,2.62,0
285,2602,12,3.89,0
286,2611,12,2.74,1
287,1872,6,2.98,0
288,1811,18,2.44,0
289,1306,12,2.36,0
290,1804,12,2.6,1
291,2316,15,3.04,1
292,2316,20,3.71,1
293,2963,11,,1
294,2144,5,3.6,0
295,2647,6,3.14,1
296,1260,7,3.97,0
297,1331,20,2.06,1
298,2538,16,3.33,1
299,1112,4,2.25,1
300,1101,10,2.48,0
301,1137,11,,1
302,1168,5,2.13,1
303,2366,6,3.49,1
304,1590,20,3.59,1
305,1383,5,2.64,1
306,2722,19,3.37,1
307,2686,20,2.46,1
308,1186,13,3.11,1
309,2004,11,2.42,1
310,1284,8,3.65,1
311,1895,10,3.3,1
312,2801,17,2.54,1
313,1369,19,3.49,1
314,1391,20,2.87,1
315,1532,18,2.03,1
316,1289,17,2.89,1
317,1584,17,3.79,1
318,1600,2,3.27,1
319,2511,14,2.77,1
320,1054,12,3.25,1
321,1075,15,2.03,1
322,1020,2,2.42,1
323,2202,12,3.14,1
324,2437,13,3.29,0
325,2631,9,2.76,0
326,2663,19,2.56,1
327,1215,10,2.04,1
328,2899,6,3.72,1
329,2123,12,2.1,1
330,2149,9,3.38,0
331,1071,11,3.71,1
332,2717,6,3.93,1
333,2240,15,2.01,1
334,1827,20,2.92,1
335,2038,16,2.35,0
336,1015,15,3.94,0
337,2716,7,3.19,1
338,2335,13,2.06,0
339,1013,7,2.99,0
340,1875,20,3.88,1
341,1659,19,3.96,1
342,2360,13,3.46,1
343,2454,18,3.63,1
344,2447,9,2.06,1
345,2901,17,3.69,1
346,2651,2,2.94,1
347,1939,2,2.32,1
348,2483,1,2.68,1
349,1912,3,3.21,1
350,1500,5,3.44,0
351,1028,7,2.24,1
352,1053,8,2.23,1
353,2099,3,3.59,0
354,2627,13,2.02,0
355,1032,18,2.39,1
356,2190,9,3.12,0
357,1721,18,3.59,1
358,2982,7,2.91,0
359,1580,5,2.34,1
360,2640,1,3.04,1
361,1094,12,2.26,1
362,2907,17,3.03,1
363,1326,19,2.17,1
364,2924,7,3.39,1
365,1048,9,2.95,1
366,2290,11,3.33,1
367,2638,20,3.38,0
368,1883,9,3.64,1
369,2117,14,2.83,1
370,1887,5,2.62,1
371,1724,7,2.07,1
372,1769,15,2.97,1
373,1651,6,3.59,1
374,2914,3,2.43,1
375,2198,9,2.93,1
376,2065,14,3.88,1
377,1477,2,3.86,0
378,2988,10,3.12,0
379,1219,15,2.02,1
380,2018,19,3.82,1
381,2172,18,2.12,1
382,1684,16,2.8,1
383,2321,4,2.26,0
384,2819,10,2.22,1
385,2135,17,3.84,1
386,1378,20,3.74,1
387,2585,15,2.88,1
388,2934,14,3.16,1
389,1165,11,2.44,1
390,1293,6,2.15,0
391,1068,3,3.66,1
392,1573,8,2.39,1
393,2449,11,2.96,1
394,2138,19,3.69,1
395,2267,14,2.04,1
396,1746,1,4.0,1
397,1482,17,3.48,1
398,1910,13,3.27,1
399,2587,8,2.52,0
400,2742,14,3.88,1
401,2910,2,3.12,1
402,2725,20,2.48,1
403,2139,16,3.53,0
404,2378,16,2.28,1
405,1894,6,3.22,1
406,2622,19,2.42,1
407,2942,20,2.6,0
408,1212,17,2.44,0
409,1436,2,3.58,1
410,2162,4,3.77,1
411,2940,18,3.46,1
412,2581,1,3.79,1
413,2447,4,2.1,1
414,1074,14,3.78,1
415,2284,20,3.84,1
416,1794,13,2.74,1
417,2830,6,2.15,1
418,2162,6,3.28,1
419,1701,17,2.98,1
420,2371,17,2.12,0
421,1580,20,3.27,1
422,2993,8,2.77,0
423,1637,5,2.51,0
424,2490,15,2.23,1
425,1521,9,2.62,1
426,2062,16,2.7,1
427,1827,1,3.82,1
428,1688,12,3.45,1
429,2254,3,2.71,0
430,1764,11,3.69,1
431,1768,20,2.9,1
432,2088,8,3.4,1
433,1813,3,3.0,1
434,2672,4,2.67,0
435,1420,9,3.71,0
436,2344,16,2.97,0
437,1732,15,3.14,0
438,2045,19,2.37,1
439,2034,15,2.84,1
440,2746,7,2.14,1
441,2285,6,2.63,1
442,2153,7,2.87,1
443,1059,16,3.89,0
444,2108,5,3.22,1
445,1064,1,3.9,1
446,1863,10,3.49,1
447,2819,13,3.03,1
448,1318,9,3.61,1
449,1731,13,3.43,1
450,2340,2,3.14,1
451,1291,3,3.22,1
452,1762,6,2.11,0
453,1242,15,2.37,0
454,1773,3,2.66,0
455,1048,13,2.44,0
456,2740,6,2.18,0
457,1488,4,3.76,0
458,1342,5,2.09,0
459,1608,10,2.33,1
460,2619,1,2.6,1
461,1075,6,3.28,0
462,1363,18,3.55,0
463,2139,17,3.28,1
464,1639,1,3.75,1
465,1600,17,3.3,1
466,2361,7,2.02,1
467,1873,8,3.34,0
468,1366,4,3.34,1
469,2845,14,2.97,0
470,1894,10,2.27,0
471,1459,15,2.42,0
472,1723,3,3.04,0
473,1477,11,,1
474,2302,18,3.69,1
475,1980,17,2.99,0
476,2529,7,2.75,1
477,2809,1,3.5,0
478,2435,3,3.61,1
479,2279,12,2.68,0
480,2874,2,2.53,1
481,2194,16,2.52,1
482,2202,19,2.88,1
483,1781,14,2.22,1
484,1802,7,2.23,1
485,1070,19,3.26,1
486,2115,19,,1
487,1278,10,2.53,1
488,2831,18,2.83,1
489,1753,11,2.28,0
490,2176,3,2.52,0
491,1726,12,3.07,1
492,1096,7,3.63,0
493,1213,14,2.32,0
494,2458,1,3.7,1
495,1262,2,,1
496,1984,16,3.44,0
497,2780,16,3.2,1
498,2973,11,2.18,0
499,1099,9,3.34,1
500,1858,7,2.16,1
501,2186,4,2.87,0
502,1615,2,2.32,1
503,2769,14,3.75,0
504,2433,6,3.57,1
505,2100,4,3.35,0
506,2797,3,3.69,1
507,1819,17,2.84,1
508,1477,3,3.53,1
509,2510,12,2.61,1
510,1315,8,2.75,1
511,1673,16,2.72,1
512,2636,15,2.92,1
513,2452,18,2.01,1
514,2283,3,2.97,1
515,1870,14,3.34,1
516,1213,9,3.36,1
517,2427,14,,1
518,1129,2,2.06,1
519,2541,16,2.2,1
520,2035,6,3.37,0
521,1500,6,3.42,1
522,2723,2,3.59,0
523,1600,19,3.21,1
524,2953,18,,1
525,1044,6,3.78,1
526,2263,6,2.95,1
527,2012,11,3.91,1
528,2901,7,2.43,1
529,1994,2,2.96,1
530,2112,14,3.8,0
531,2948,11,3.85,0
532,1787,9,2.62,1
533,1471,6,2.22,0
534,2461,3,3.96,1
535,1688,10,3.8,1
536,1390,11,3.12,0
537,2028,11,3.78,1
538,1213,3,3.32,1
539,2084,17,3.44,1
540,1054,14,2.51,1
541,1040,5,3.86,1
542,1293,3,3.68,1
543,2263,2,2.67,1
544,1874,12,3.44,1
545,1551,2,2.87,1
546,1777,6,3.66,0
547,2081,19,2.71,1
548,1725,9,3.62,0
549,2408,4,2.51,1
550,1795,11,3.19,1
551,2883,9,2.63,1
552,1077,20,3.13,1
553,1898,3,3.05,1
554,1146,10,2.37,1
555,1298,19,3.73,0
556,2027,2,3.91,1
557,2757,12,2.37,0
558,2478,13,3.42,1
559,2345,7,,1
560,2321,3,3.12,1
561,1638,9,3.99,1
562,2397,13,3.55,1
563,1988,7,2.02,1
564,1895,20,2.09,0
565,2381,6,3.58,0
566,2257,7,2.7,1
567,1670,14,3.58,1
568,1164,7,2.57,1
569,2623,20,2.42,1
570,2014,9,3.54,0
571,1695,12,2.9,0
572,1736,20,3.3,1
573,2129,7,2.94,1
574,2606,7,3.94,1
575,2936,16,3.7,1
576,2496,13,3.43,1
577,1066,9,,0
578,1657,20,2.58,1
579,2770,12,2.62,1
580,2298,10,3.89,1
581,1484,2,3.45,1
582,1204,14,2.49,1
583,1021,13,3.91,1
584,1019,6,3.65,1
585,1727,6,3.62,0
586,1970,19,2.63,1
587,1088,16,2.1,0
588,1493,20,2.92,1
589,1599,12,3.79,1
590,1595,4,2.05,0
591,1437,7,2.94,1
592,1239,12,3.41,1
593,2575,5,2.84,1
594,2412,3,2.47,0
595,1660,20,2.66,1
596,1975,14,2.54,1
597,2831,4,2.46,1
598,2575,4,3.39,1
599,2561,19,3.89,1
600,2547,4,3.14,1
601,2878,3,3.34,1
602,1361,1,3.24,0
603,2664,7,3.75,1
604,1337,16,2.68,1
605,1560,18,2.86,1
606,2243,7,2.64,1
607,1304,17,3.93,1
608,2980,13,3.98,1
609,2365,1,3.74,0
610,2859,2,3.73,1
611,1468,2,2.37,1
612,2912,8,2.65,1
613,2015,19,3.51,1
614,2131,3,3.49,1
615,2267,2,2.01,1
616,1263,13,3.42,1
617,2886,9,3.15,1
618,2739,2,3.05,1
619,1466,15,3.53,0
620,2997,9,2.39,1
621,2996,12,3.93,1
622,1490,17,2.73,0
623,2074,5,2.09,1
624,2091,2,2.07,0
625,1639,11,3.01,1
626,2491,17,,0
627,2716,19,3.29,1
628,1209,5,2.84,1
629,2846,10,3.26,1
630,2504,19,2.78,1
631,2931,14,2.58,1
632,2261,14,2.2,0
633,1016,17,2.58,0
634,1929,9,3.37,1
635,1272,17,3.98,0
636,2927,1,3.57,1
637,2034,16,2.02,1
638,2086,8,2.46,1
639,1037,10,3.96,0
640,1084,9,2.84,1
641,1964,6,2.45,1
642,1168,10,2.58,1
643,2104,5,3.47,1
644,2894,7,2.49,0
645,2312,11,3.73,1
646,2309,16,2.37,0
647,2852,7,2.22,0
648,1719,15,2.14,1
649,1609,17,2.89,1
650,1893,3,3.58,0
651,1691,20,3.47,1
652,2390,15,2.98,1
653,2253,13,3.49,1
654,1034,1,2.45,1
655,1008,1,2.79,0
656,2155,2,2.96,1
657,1507,16,3.78,1
658,2169,6,2.19,1
659,2055,1,3.77,1
660,1550,1,3.9,0
661,2318,18,3.89,1
662,2427,7,3.47,0
663,1618,6,3.76,1
664,1644,13,2.55,1
665,2877,13,3.0,0
666,1380,15,3.2,1
667,1627,8,2.12,1
668,2465,2,2.72,1
669,1879,6,2.95,1
670,2278,16,2.98,1
671,2540,9,3.09,0
672,2722,5,3.98,1
673,2286,11,2.0,1
674,2826,4,2.12,1
675,1397,14,2.29,1
676,2744,3,2.08,1
677,1239,2,3.45,0
678,2008,16,2.7,1
679,2480,13,2.4,0
680,2939,14,3.66,1
681,2500,9,3.55,1
682,1004,12,2.55,1
683,1091,2,3.47,1
684,1961,18,3.32,1
685,2822,19,2.15,1
686,1076,5,2.08,1
687,1982,7,2.2,1
688,2921,7,2.29,1
689,2332,4,2.68,1
690,1200,4,2.56,1
691,2716,7,2.35,1
692,2366,9,3.25,0
693,1559,7,3.26,1
694,1747,8,2.42,1
695,1930,19,3.94,1
696,1207,6,2.95,0
697,1794,11,2.65,0
698,1320,2,3.5,0
699,1181,10,3.57,1
700,1275,1,2.26,1
701,1387,13,2.65,1
702,2172,16,3.28,1
703,1517,17,3.53,1
704,2647,10,3.74,1
705,2142,19,3.35,1
706,1485,3,3.16,1
707,2420,10,2.47,0
708,2558,20,2.71,1
709,1467,7,2.53,0
710,2336,15,2.07,0
711,2535,2,2.01,1
712,1605,19,3.49,1
713,2153,10,2.91,1
714,2621,7,2.57,1
715,1306,19,2.8,0
716,2279,1,2.76,1
717,2582,2,2.54,1
718,2265,4,2.96,1
719,1737,9,3.88,1
720,1539,15,3.54,1
721,2607,20,2.26,1
722,1460,10,2.77,1
723,1387,5,3.38,0
724,2483,19,2.03,1
725,1527,9,3.96,1
726,1944,11,2.58,1
727,1861,1,3.88,0
728,1224,11,2.21,1
729,1444,11,3.68,1
730,2297,18,2.1,0
731,2852,7,3.76,0
732,2726,11,2.96,1
733,2567,16,3.61,1
734,2410,6,3.22,1
735,2467,15,3.99,1
736,1641,19,2.6,1
737,1606,11,3.66,1
738,2515,3,,0
739,2650,7,3.93,1
740,1104,10,2.61,1
741,2917,18,3.12,1
742,1123,17,3.68,1
743,2204,6,2.16,1
744,2599,8,2.47,1
745,2020,6,3.98,0
746,1712,5,2.06,1
747,2028,8,2.96,1
748,1059,20,3.64,0
749,1865,7,3.32,0
750,2520,2,2.21,1
751,2276,20,3.08,1
752,1792,14,2.93,1
753,1053,9,3.92,1
754,1904,14,3.15,1
755,1310,5,3.71,1
756,2969,18,3.47,1
757,2904,12,3.52,1
758,2346,16,2.31,0
759,1967,2,3.45,1
760,1266,5,2.92,1
761,1057,3,2.13,1
762,1992,3,3.56,1
763,1018,17,2.58,0
764,1390,19,3.94,1
765,1469,15,3.11,1
766,1602,18,2.27,1
767,1647,16,3.69,0
768,1941,4,2.46,1
769,1537,20,2.66,1
770,2435,14,3.69,0
771,1928,13,3.51,1
772,2614,3,2.34,1
773,1538,2,2.83,1
774,2370,2,,1
775,2047,7,2.03,1
776,1965,4,,0
777,1075,14,2.43,0
778,1829,4,2.24,1
779,1718,4,3.5,1
780,1810,4,3.52,1
781,1055,9,2.82,1
782,1067,2,2.27,1
783,1530,17,3.95,0
784,1011,5,3.09,1
785,1455,1,2.67,1
786,2534,17,3.54,1
787,1904,2,2.69,1
788,1285,12,2.13,1
789,2161,6,2.32,1
790,2036,8,2.72,1
791,1401,6,3.73,1
792,1249,2,3.48,1
793,2512,18,2.38,0
794,1881,16,2.82,1
795,2710,2,2.45,1
796,2951,10,2.04,0
797,1217,4,3.43,1
798,2483,19,3.28,1
799,2192,19,3.42,1
800,2607,8,3.83,1
801,2233,19,2.63,1
802,1940,4,3.04,0
803,1470,4,3.38,1
804,2043,8,2.43,1
805,2725,13,2.53,1
806,1533,5,3.88,1
807,1856,12,3.92,1
808,2345,13,2.23,1
809,2613,8,3.21,0
810,2387,19,3.12,1
811,1674,5,2.68,1
812,1252,4,2.84,1
813,1548,19,3.18,1
814,1236,15,3.63,1
815,2659,12,3.64,1
816,1564,17,3.33,1
817,2394,10,2.88,1
818,1857,7,3.38,1
819,1442,18,2.99,1
820,2792,6,2.42,1
821,2683,15,3.11,1
822,1741,4,3.89,0
823,2665,5,3.82,0
824,2686,19,3.5,1
825,2464,13,2.97,1
826,1173,3,2.84,1
827,2476,18,3.99,1
828,1839,5,2.21,1
829,2148,2,3.97,1
830,1829,8,3.75,1
831,1954,19,3.78,1
832,2006,9,2.03,1
833,2690,4,3.58,1
834,2318,1,3.32,1
835,1217,4,3.28,1
836,1596,2,3.37,1
837,1144,19,2.02,0
838,1887,5,3.37,1
839,2983,5,3.48,0
840,1045,9,3.19,1
841,2772,11,2.67,0
842,2235,18,3.71,1
843,2813,20,3.93,1
844,1484,20,2.27,1
845,1283,14,3.12,1
846,1122,8,2.06,1
847,1573,17,3.2,1
848,1536,2,2.77,1
849,1374,5,2.51,1
850,1259,16,3.23,0
851,1947,16,3.44,1
852,2098,11,3.08,1
853,2573,20,3.03,0
854,1597,11,2.17,1
855,1113,5,2.49,0
856,2180,5,3.35,1
857,1563,9,2.22,1
858,2453,4,2.24,1
859,2719,10,2.61,0
860,1722,15,3.65,0
861,1410,11,2.13,1
862,1109,6,2.32,0
863,2412,12,3.96,1
864,2612,12,2.42,1
865,2953,14,2.33,1
866,2258,14,3.19,1
867,2502,19,2.9,0
868,2085,3,3.92,1
869,2393,5,,1
870,1521,7,2.44,1
871,1435,3,3.67,0
872,2955,9,3.44,1
873,1125,18,2.28,1
874,1519,6,,1
875,2866,11,3.52,1
876,2674,12,3.25,1
877,1039,12,2.83,1
878,1425,7,3.26,1
879,1180,17,3.08,0
880,2149,2,3.09,1
881,2938,13,2.34,1
882,2503,11,2.34,0
883,1618,4,2.63,1
884,1455,20,2.15,0
885,2704,6,3.3,1
886,2896,1,2.7,0
887,1290,10,3.3,0
888,2644,19,3.25,1
889,1929,9,2.33,1
890,2209,3,3.85,1
891,1030,6,2.14,1
892,1171,14,3.6,1
893,1921,1,,1
894,1322,19,3.5,1
895,2763,19,3.93,1
896,1836,14,3.64,1
897,1986,9,3.73,1
898,1796,19,3.41,1
899,2529,16,3.87,1
900,2657,4,2.17,1
901,2497,10,2.66,1
902,1366,19,2.53,0
903,1564,20,3.91,0
904,1297,2,2.14,1
905,1553,5,2.68,1
906,2867,20,3.6,0
907,1731,14,2.45,0
908,2139,3,2.87,1
909,1678,4,2.2,1
910,1902,6,2.46,1
911,2543,19,3.58,0
912,1061,3,3.45,1
913,1578,7,2.35,1
914,2737,2,3.83,1
915,2960,17,,1
916,1657,15,2.75,0
917,1283,15,3.23,1
918,2406,15,2.79,1
919,2310,1,3.98,1
920,2574,7,3.93,1
921,1207,14,2.05,0
922,2704,2,2.57,1
923,1359,15,3.88,1
924,2290,11,3.63,1
925,1022,16,3.73,0
926,1767,17,3.26,0
927,2836,10,3.09,1
928,2676,9,3.14,1
929,1404,4,3.29,1
930,2114,1,2.15,1
931,1762,6,2.62,1
932,1756,12,2.89,1
933,1033,8,3.04,1
934,2419,12,2.61,1
935,1600,16,3.88,0
936,2472,10,3.26,1
937,2287,9,3.66,1
938,1748,8,3.35,0
939,1617,15,2.9,0
940,2384,20,2.54,1
941,2607,8,2.13,1
942,1377,8,2.31,1
943,1764,19,3.62,0
944,1408,17,2.31,1
945,2495,14,3.72,1
946,1671,16,3.95,0
947,2593,19,3.07,1
948,2444,20,3.93,1
949,1421,2,3.37,1
950,2209,11,,0
951,1426,20,2.93,1
952,2920,15,3.6,1
953,1657,15,3.18,1
954,1401,14,2.8,1
955,2823,5,3.84,1
956,1833,20,2.61,0
957,2434,7,2.2,1
958,1162,12,3.5,1
959,1997,6,,1
960,1733,10,,1
961,1156,4,2.48,0
962,1989,12,3.06,1
963,2735,3,2.5,0
964,1227,10,3.47,1
965,2804,7,2.69,0
966,2763,19,2.12,1
967,1112,7,2.78,1
968,1346,16,3.91,0
969,1561,9,3.69,1
970,2928,6,2.98,0
971,1202,10,3.62,1
972,2774,8,3.24,1
973,1161,18,3.93,1
974,1381,20,2.7,1
975,2440,17,3.88,1
976,1025,2,3.87,0
977,1007,12,3.31,1
978,2953,15,2.15,1
979,1111,15,2.49,1
980,2348,6,2.36,1
981,2571,19,2.98,0
982,2840,6,2.05,1
983,2791,15,2.22,1
984,2115,6,3.43,0
985,2904,6,2.25,1
986,1721,8,2.58,1
987,1241,6,3.64,1
988,1313,1,2.61,1
989,1828,15,3.69,1
990,1256,18,3.63,1
991,1778,9,3.06,1
992,2376,2,2.94,1
993,2513,13,2.54,0
994,2140,19,3.3,1
995,1687,18,2.84,0
996,2065,2,2.55,1
997,2129,4,2.09,0
998,2965,6,3.05,1
999,2598,3,2.97,0
1000,1299,11,3.38,1
1001,1732,14,3.57,1
1002,1669,8,2.26,1
1003,2376,20,2.63,1
1004,2900,12,3.51,1
1005,2008,13,2.21,1
1006,1167,16,3.99,1
1007,2168,6,2.17,1
1008,2211,7,3.19,0
1009,1318,18,3.52,1
1010,1989,8,3.17,0
1011,2054,17,3.96,1
1012,1084,11,3.27,0
1013,1642,9,3.23,1
1014,1107,19,3.16,0
1015,1046,8,3.17,1
1016,2225,2,3.47,1
1017,1779,16,2.47,0
1018,2400,13,2.78,1
1019,1858,14,3.21,1
1020,1579,18,3.67,0
1021,1093,20,3.75,1
1022,2546,3,2.55,1
1023,2948,1,2.35,1
1024,2579,6,2.03,1
1025,1269,12,3.67,1
1026,2142,18,3.92,0
1027,1923,4,3.2,1
1028,1842,5,2.88,1
1029,2729,12,2.18,1
1030,1432,9,2.95,1
1031,1331,4,3.21,1
1032,2361,12,3.82,1
1033,2851,12,2.19,1
1034,1312,3,2.8,1
1035,1634,10,2.71,1
1036,2788,12,3.89,1
1037,1268,9,3.19,0
1038,2516,10,3.42,1
1039,2914,17,3.17,1
1040,1665,17,2.87,1
1041,1467,10,3.19,1
1042,1275,2,2.52,1
1043,2697,1,3.83,0
1044,1927,9,2.89,1
1045,1720,13,2.68,1
1046,1607,2,2.25,1
1047,2546,18,3.41,1
1048,1953,19,3.92,1
1049,2893,1,3.26,1
1050,1490,6,3.48,1
1051,1962,18,2.32,1
1052,2865,12,2.98,1
1053,2297,15,2.5,0
1054,2792,16,2.26,1
1055,2945,8,3.15,1
1056,2800,6,3.7,1
1057,2769,17,2.65,1
1058,2144,1,3.77,1
1059,1230,10,2.84,1
1060,2199,16,3.32,1
1061,1778,15,2.7,1
1062,1113,16,2.11,1
1063,1858,1,3.88,1
1064,2847,5,2.51,0
1065,1628,7,2.31,0
1066,1810,18,3.92,1
1067,1621,9,2.93,1
1068,2911,12,2.98,1
1069,2792,20,3.87,1
1070,1733,2,2.66,1
1071,2279,2,2.39,1
1072,1886,2,3.71,0
1073,2130,16,3.56,1
1074,2413,16,2.02,1
1075,2190,18,3.84,1
1076,1588,10,3.81,0
1077,1901,14,3.61,1
1078,1913,1,3.45,1
1079,2938,7,2.92,1
1080,1172,17,2.73,1
1081,1323,12,3.61,0
1082,2620,9,3.08,1
1083,2830,19,3.65,1
1084,1795,7,2.34,1
1085,1241,5,2.48,1
1086,2962,3,2.85,1
1087,1440,20,2.22,1
1088,1144,15,3.2,1
1089,1603,1,2.56,0
1090,2623,10,2.56,0
1091,1020,9,3.41,1
1092,2112,17,3.64,1
1093,2127,6,3.24,1
1094,2480,2,2.04,0
1095,1245,18,2.14,1
1096,1415,4,2.58,1
1097,2143,6,3.54,0
1098,1706,7,3.71,0
1099,1068,2,2.07,1
1100,2710,5,3.82,1
1101,2142,14,2.68,1
1102,2847,5,2.34,0
1103,2819,18,2.5,0
1104,1373,17,2.98,0
1105,2144,8,2.65,0
1106,2334,2,2.42,1
1107,1676,14,,1
1108,2106,3,2.99,1
1109,1247,12,3.27,1
1110,1443,11,2.54,1
1111,2746,10,,0
1112,1853,19,2.99,0
1113,2298,7,2.39,1
1114,1837,15,2.87,0
1115,2527,19,2.41,0
1116,2024,11,3.85,0
1117,1018,2,2.02,1
1118,2249,3,3.27,1
1119,2527,12,3.12,0
1120,2389,5,3.85,1
1121,2450,1,3.1,0
1122,1202,3,2.9,1
1123,2251,15,2.86,0
1124,2309,2,3.03,0
1125,1988,2,2.43,1
1126,1446,6,3.24,1
1127,1637,9,3.24,1
1128,2969,5,3.49,0
1129,2221,17,3.19,1
1130,1431,18,3.8,0
1131,2501,5,2.46,1
1132,1037,13,2.9,1
1133,2051,1,3.37,0
1134,2992,6,2.91,0
1135,2617,1,3.01,1
1136,1188,14,3.22,1
1137,2834,1,3.66,1
1138,2515,2,3.57,0
1139,1173,1,2.62,0
1140,1282,16,3.47,0
1141,1664,10,3.0,1
1142,1048,13,2.99,1
1143,2367,6,3.09,0
1144,1200,3,2.55,1
1145,2893,8,3.27,1
1146,1625,6,2.31,1
1147,1314,17,3.37,1
1148,2787,19,3.71,1
1149,2268,18,2.23,1
1150,1438,12,2.28,1
1151,2283,6,3.62,1
1152,1301,20,3.56,1
1153,2573,16,2.03,1
1154,1978,1,3.31,1
1155,1758,20,3.1,1
1156,2159,18,2.44,1
1157,1239,14,2.92,0
1158,1477,19,2.29,1
1159,1587,14,3.6,1
1160,1518,9,3.95,1
1161,2624,8,2.46,1
1162,1854,17,3.19,1
1163,1223,2,2.56,1
1164,1910,3,3.9,1
1165,1072,5,2.22,0
1166,1369,5,2.37,1
1167,2457,2,3.29,0
1168,2323,14,2.75,1
1169,2661,9,3.71,1
1170,1961,12,2.19,0
1171,2780,4,3.6,0
1172,2476,19,2.73,1
1173,2260,7,3.1,1
1174,2493,2,3.69,1
1175,1421,12,2.29,1
1176,2719,11,2.93,1
1177,2715,18,3.62,1
1178,2681,3,3.08,1
1179,1147,4,2.74,1
1180,1502,20,2.18,1
1181,2045,1,2.53,0
1182,1360,18,2.52,1
1183,2611,16,3.9,1
1184,1985,19,2.52,1
1185,2345,15,3.72,1
1186,1140,2,3.64,1
1187,1729,18,2.01,1
1188,2561,17,3.17,1
1189,1385,15,3.71,1
1190,2003,18,2.3,0
1191,1459,7,3.0,1
1192,2559,15,3.08,1
1193,1748,3,3.26,1
1194,1740,6,,0
1195,2781,10,2.38,1
1196,2191,15,2.99,0
1197,1944,20,2.54,1
1198,2014,12,3.27,1
1199,2244,12,2.91,1
1200,2604,13,3.45,1
1201,1184,19,3.72,1
1202,2854,13,3.59,1
1203,2871,15,3.31,1
1204,1616,19,3.86,1
1205,1475,19,2.22,0
1206,1329,10,3.13,0
1207,1895,18,2.83,0
1208,1070,4,3.97,1
1209,2834,2,3.83,1
1210,2445,10,3.57,1
1211,2070,5,3.73,1
1212,2912,14,2.11,1
1213,1833,17,2.96,1
1214,1105,4,2.57,1
1215,1798,17,2.16,1
1216,2914,10,2.34,1
1217,2000,1,3.19,1
1218,1751,3,2.98,1
1219,1994,10,3.65,1
1220,2991,13,3.56,1
1221,2036,10,2.76,0
1222,1472,8,2.09,1
1223,1088,2,3.09,1
1224,1797,17,2.17,1
1225,2260,15,3.35,0
1226,2386,8,2.23,1
1227,2589,6,2.07,1
1228,2024,10,3.76,1
1229,2053,15,3.38,1
1230,1735,14,2.6,1
1231,2702,20,2.8,1
1232,1919,8,,1
1233,1057,8,2.16,0
1234,2858,15,2.08,0
1235,1807,19,2.36,1
1236,2075,11,3.09,0
1237,1416,10,2.27,1
1238,2385,2,2.65,1
1239,1531,15,3.35,1
1240,2957,20,3.28,0
1241,2528,16,2.43,1
1242,2523,8,2.13,1
1243,1335,1,3.0,1
1244,1667,3,3.15,0
1245,2496,11,3.38,1
1246,1167,14,2.21,1
1247,1469,18,3.37,0
1248,2311,14,2.17,0
1249,2414,17,3.22,1
1250,1920,11,2.6,1
1251,1155,3,2.07,0
1252,1694,1,2.89,0
1253,1595,15,2.03,0
1254,2309,6,2.65,1
1255,1144,15,3.94,1
1256,1494,7,2.01,1
1257,2177,18,2.45,1
1258,2228,2,3.73,0
1259,1131,13,,0
1260,2058,7,2.95,0
1261,1003,3,2.26,0
1262,2274,8,2.27,0
1263,1515,2,3.25,1
1264,1782,6,2.23,1
1265,2066,2,3.25,0
1266,1119,2,2.14,0
1267,1478,7,2.91,1
1268,1247,13,2.47,0
1269,2846,9,2.19,1
1270,2397,10,2.55,0
1271,1219,9,2.37,1
1272,1019,19,3.1,0
1273,1620,18,2.29,1
1274,2681,15,3.01,1
1275,2466,17,3.95,1
1276,1937,4,2.03,1
1277,2957,19,3.44,1
1278,2555,9,2.33,0
1279,1080,20,2.88,1
1280,1203,11,3.27,1
1281,1018,10,2.76,1
1282,2476,2,3.71,1
1283,1829,10,2.98,1
1284,1616,16,3.68,0
1285,1282,14,2.75,1
1286,1292,16,3.11,0
1287,1337,18,,1
1288,2633,12,2.99,0
1289,2185,6,2.74,0
1290,2988,16,3.59,1
1291,2414,13,3.58,0
1292,1548,6,2.61,1
1293,2628,14,2.7,0
1294,1292,12,3.63,1
1295,1556,15,3.46,1
1296,2052,10,3.82,0
1297,1278,1,2.89,1
1298,2793,16,3.21,0
1299,2735,4,2.89,1
1300,1379,20,2.42,1
1301,1804,5,3.64,1
1302,2743,17,2.32,1
1303,2927,4,3.04,1
1304,1412,5,2.92,1
1305,2403,6,2.23,1
1306,2178,7,3.06,1
1307,2881,1,2.52,1
1308,1260,6,2.5,0
1309,2416,17,3.17,0
1310,1768,1,2.99,1
1311,1251,16,,1
1312,1331,6,2.02,0
1313,1420,10,,0
1314,2699,20,2.37,1
1315,2942,18,2.05,0
1316,2096,7,2.48,1
1317,2400,9,2.06,1
1318,1227,13,2.75,1
1319,2260,14,2.94,1
1320,2887,11,2.43,0
1321,1575,19,,1
1322,2363,15,2.16,1
1323,1594,3,2.22,0
1324,2844,15,3.1,0
1325,1049,18,2.62,0
1326,1883,13,2.82,1
1327,2912,11,2.21,1
1328,1062,17,3.55,1
1329,1219,6,3.48,1
1330,2774,16,3.48,1
1331,2283,5,3.57,1
1332,2277,10,3.03,1
1333,1224,6,2.31,1
1334,2477,7,2.87,0
1335,1759,2,2.01,1
1336,1129,11,3.6,1
1337,1059,5,2.48,1
1338,2258,13,3.88,1
1339,2984,15,2.04,1
1340,1436,14,3.22,0
1341,2332,5,2.09,1
1342,1507,8,3.25,1
1343,1370,13,3.93,1
1344,1503,14,2.07,0
1345,1510,19,3.26,1
1346,1513,1,2.78,1
1347,1962,11,2.33,1
1348,2159,17,3.36,0
1349,1563,18,2.87,1
1350,1592,17,3.42,0
1351,2863,12,2.49,1
1352,1273,13,2.19,1
1353,1195,2,3.05,0
1354,1061,4,3.03,1
1355,1412,18,2.82,1
1356,2572,5,2.9,0
1357,2374,17,2.03,1
1358,1660,19,3.35,1
1359,1472,9,2.97,0
1360,2932,18,2.56,1
1361,1075,8,2.07,1
1362,2121,6,,1
1363,1993,12,3.27,0
1364,1372,14,3.36,1
1365,1811,15,3.82,1
1366,1517,1,3.29,1
1367,1355,12,2.34,0
1368,1153,15,2.18,0
1369,1871,20,2.53,0
1370,2532,6,3.24,1
1371,1907,17,2.85,1
1372,2011,14,2.82,1
1373,2109,4,2.7,0
1374,2548,1,2.46,1
1375,2272,20,2.27,1
1376,2800,11,2.33,1
1377,2715,20,2.36,1
1378,1505,13,2.1,1
1379,2267,4,2.12,1
1380,1350,12,2.07,1
1381,2193,13,2.56,1
1382,2727,1,2.31,1
1383,2595,3,3.68,1
1384,1812,3,3.81,1
1385,2213,15,2.5,0
1386,1849,19,2.37,1
1387,2549,10,3.97,1
1388,1486,11,3.67,1
1389,1609,4,3.98,1
1390,2680,15,3.47,1
1391,2815,1,3.57,1
1392,2244,5,3.31,1
1393,1548,14,3.06,1
1394,1976,5,2.41,1
1395,2455,19,3.46,1
1396,2997,13,2.74,0
1397,1382,19,3.46,0
1398,1631,8,3.52,1
1399,1741,19,2.82,1
1400,1317,15,3.76,0
1401,1728,11,2.35,1
1402,2234,4,3.83,1
1403,2281,18,2.3,1
1404,1282,8,2.29,1
1405,1367,6,2.64,1
1406,1211,3,3.25,0
1407,2420,1,2.27,1
1408,2091,1,2.07,0
1409,2119,18,3.25,1
1410,2273,14,3.39,0
1411,1349,1,2.86,1
1412,2792,13,2.49,1
1413,1368,3,3.57,1
1414,2572,18,2.54,1
1415,2060,19,2.17,1
1416,2828,15,3.58,1
1417,1091,18,3.97,0
1418,2794,12,3.28,0
1419,1445,15,3.71,1
1420,2208,4,2.49,1
1421,2034,16,2.57,1
1422,2616,11,2.53,1
1423,1318,2,2.13,0
1424,1585,20,2.81,0
1425,2526,16,,1
1426,2503,18,3.01,0
1427,2908,2,2.27,1
1428,2373,11,2.89,0
1429,1949,3,3.87,1
1430,2776,8,2.42,1
1431,1323,8,2.38,0
1432,1895,1,2.26,0
1433,2453,13,2.48,1
1434,2814,16,2.86,1
1435,2528,3,3.17,0
1436,1576,14,2.38,0
1437,1977,20,2.98,1
1438,2082,3,2.8,1
1439,2986,13,2.53,1
1440,1675,10,3.26,1
1441,1294,19,2.72,1
1442,2935,13,3.97,1
1443,2575,10,3.3,1
1444,1750,20,3.61,1
1445,2243,16,,0
1446,1191,9,3.45,0
1447,1654,4,2.29,1
1448,2522,1,2.45,0
1449,2035,6,2.17,1
1450,2337,18,3.16,1
1451,1368,6,3.34,1
1452,1162,18,2.06,1
1453,1364,6,2.37,1
1454,1632,3,3.7,1
1455,1737,7,,1
1456,2736,17,3.7,1
1457,1267,20,3.22,1
1458,1933,6,3.73,1
1459,1076,16,2.15,1
1460,1609,17,3.24,1
1461,1832,11,3.3,1
1462,2524,13,3.06,1
1463,1694,9,3.28,1
1464,1133,15,3.22,1
1465,1288,2,2.19,0
1466,2831,12,2.56,1
1467,2467,10,3.76,1
1468,2970,19,2.54,1
1469,2960,14,3.37,1
1470,1898,8,2.39,0
1471,2550,15,3.53,1
1472,1844,16,2.38,1
1473,1848,3,2.35,0
1474,2015,7,3.96,1
1475,1454,16,2.32,1
1476,2065,17,3.65,1
1477,2979,17,2.24,0
1478,2151,18,3.11,1
1479,1045,11,3.33,1
1480,1947,6,3.77,1
1481,1746,10,,1
1482,2606,1,3.59,0
1483,2829,18,3.58,0
1484,2238,13,2.95,1
1485,1786,20,3.19,1
1486,1421,17,3.97,1
1487,1802,8,3.21,1
1488,2981,19,2.64,1
1489,1067,9,2.2,0
1490,2259,18,3.37,1
1491,1588,15,3.75,1
1492,1769,6,2.22,1
1493,1999,7,2.74,1
1494,2675,9,3.95,1
1495,1133,14,3.03,1
1496,1157,2,2.36,1
1497,1361,16,2.98,1
1498,1599,1,3.31,1
1499,1419,7,2.9,1
1500,2804,10,2.73,0
1501,1419,15,2.48,1
1502,2478,15,2.74,1
1503,1369,14,3.32,1
1504,2942,5,2.42,0
1505,1628,5,2.77,1
1506,1491,16,3.64,1
1507,2068,14,2.97,0
1508,2047,9,3.42,1
1509,1752,16,3.8,1
1510,2845,13,3.39,1
1511,2415,2,3.14,0
1512,2013,15,2.74,1
1513,2715,18,2.51,1
1514,2759,19,2.95,1
1515,1800,13,2.96,1
1516,1479,2,2.39,1
1517,1868,13,3.52,1
1518,1228,14,2.06,1
1519,1436,20,2.98,1
1520,2986,7,3.47,0
1521,2491,20,3.69,0
1522,1723,10,2.33,1
1523,2256,19,3.3,1
1524,1631,4,3.84,1
1525,1770,3,3.39,1
1526,1163,3,3.47,1
1527,1471,6,2.43,1
1528,2718,8,2.88,1
1529,1429,15,2.98,0
1530,2106,5,3.06,0
1531,2509,5,3.87,1
1532,1427,16,3.96,1
1533,2294,20,2.09,1
1534,1992,4,2.83,0
1535,2009,4,3.8,1
1536,1416,6,2.2,1
1537,2011,9,2.06,1
1538,1605,17,3.76,0
1539,1675,17,3.2,1
1540,1953,10,2.0,1
1541,1792,2,3.63,1
1542,1064,10,2.01,1
1543,1196,20,2.03,1
1544,1365,20,3.43,1
1545,1943,7,2.32,0
1546,1870,2,3.66,1
1547,2428,3,2.35,0
1548,2344,18,2.08,1
1549,1346,18,3.26,1
1550,2482,4,3.25,0
1551,2529,3,2.42,1
1552,2159,14,2.23,1
1553,2370,1,3.8,1
1554,2557,7,2.79,1
1555,2649,8,2.44,0
1556,2545,1,2.84,0
1557,1655,20,3.31,0
1558,1291,8,2.68,1
1559,1715,15,2.67,1
1560,1900,12,3.4,1
1561,2208,6,3.31,0
1562,1094,6,3.5,1
1563,1976,20,2.61,0
1564,2911,20,2.1,0
1565,1188,11,3.43,1
1566,1292,2,2.95,0
1567,1419,2,3.2,1
1568,2554,11,2.85,1
1569,1093,9,2.87,0
1570,1058,9,3.79,0
1571,2228,10,2.08,1
1572,1272,4,2.6,1
1573,2482,14,3.43,0
1574,2912,1,3.2,0
1575,2539,12,3.34,1
1576,1376,9,3.97,1
1577,1592,5,3.84,1
1578,2920,8,2.17,0
1579,2379,7,3.01,1
1580,1134,15,3.81,1
1581,1573,17,3.93,0
1582,2697,3,3.2,1
1583,2736,5,3.85,1
1584,2310,8,3.67,0
1585,1188,4,3.92,1
1586,1629,14,2.36,1
1587,1348,12,3.87,1
1588,1996,3,3.26,1
1589,2769,4,3.32,1
1590,2981,1,3.69,1
1591,1527,13,3.27,1
1592,1210,4,2.85,1
1593,2317,17,3.2,1
1594,2396,8,3.57,1
1595,2361,4,2.55,1
1596,2905,7,,0
1597,1711,1,2.9,1
1598,1084,19,2.5,1
1599,1148,11,2.01,1
1600,2010,6,2.33,1
1601,2320,2,2.53,1
1602,2091,20,3.63,1
1603,1797,4,2.63,1
1604,2932,10,2.81,0
1605,2260,9,2.33,1
1606,2825,12,3.37,0
1607,2538,1,2.93,1
1608,1472,5,2.08,0
1609,2055,17,2.57,0
1610,2065,16,2.28,1
1611,2055,11,2.93,1
1612,2503,7,3.01,1
1613,1894,11,2.23,0
1614,1111,14,2.61,1
1615,1991,3,2.44,1
1616,2525,7,3.0,1
1617,2098,6,2.21,0
1618,2967,9,3.88,0
1619,1436,5,2.39,1
1620,1681,14,2.94,1
1621,2538,20,3.35,0
1622,2760,7,2.12,1
1623,2576,1,2.42,1
1624,1130,10,3.85,1
1625,2101,19,2.81,1
1626,2069,12,2.08,1
1627,2222,18,2.68,1
1628,1712,19,3.14,1
1629,1031,20,2.22,0
1630,2294,19,2.91,0
1631,1346,11,3.96,0
1632,2277,10,3.1,1
1633,1218,16,3.93,1
1634,1585,1,3.8,1
1635,1851,1,,0
1636,1031,16,3.15,1
1637,2593,2,3.31,0
1638,1542,9,3.35,1
1639,2318,12,2.62,1
1640,1248,12,3.37,1
1641,2104,5,2.98,0
1642,1512,2,2.04,0
1643,2239,20,3.01,0
1644,1953,20,2.27,1
1645,1257,18,2.21,1
1646,1451,17,3.87,0
1647,1177,16,2.48,1
1648,1378,6,3.31,1
1649,1571,18,2.1,0
1650,1957,8,2.85,1
1651,1827,15,2.8,0
1652,1955,16,3.51,1
1653,2697,5,2.56,1
1654,2022,13,2.14,1
1655,2012,6,3.12,0
1656,1577,6,2.46,1
1657,1487,2,3.17,1
1658,1327,2,3.46,1
1659,1522,19,2.74,1
1660,2977,7,3.53,1
1661,1373,3,2.58,1
1662,1717,20,3.8,1
1663,2524,19,2.75,1
1664,2769,7,2.6,1
1665,1951,19,3.54,1
1666,1594,5,3.89,1
1667,2068,2,3.99,0
1668,1357,4,,0
1669,1233,7,2.17,1
1670,1116,20,2.5,1
1671,2019,7,2.98,0
1672,1760,4,3.35,1
1673,1032,4,3.46,0
1674,1624,17,3.99,1
1675,1950,3,,1
1676,2462,1,2.49,1
1677,1912,17,3.74,1
1678,1716,4,3.38,1
1679,1042,16,3.57,1
1680,1189,14,2.35,1
1681,2886,17,3.63,1
1682,2904,19,3.31,1
1683,2567,1,2.19,0
1684,2606,1,2.1,1
1685,2640,18,3.83,1
1686,2145,20,2.2,1
1687,1596,8,2.98,1
1688,2125,11,2.75,1
1689,2488,15,3.22,0
1690,2153,2,3.58,0
1691,2321,4,2.65,1
1692,1616,10,2.0,0
1693,2080,17,2.2,0
1694,2450,20,2.54,1
1695,2865,9,3.34,1
1696,2379,19,3.25,1
1697,1562,18,2.49,1
1698,2286,16,2.03,1
1699,2167,14,2.97,1
1700,2739,16,3.03,1
1701,1220,2,3.2,0
1702,1667,2,2.5,1
1703,1887,12,3.37,0
1704,2006,1,3.42,0
1705,2534,17,2.14,0
1706,2207,9,2.6,1
1707,1179,2,2.58,1
1708,2503,12,3.5,1
1709,2053,1,3.0,0
1710,1665,20,3.01,1
1711,1289,2,2.74,1
1712,1702,9,3.03,0
1713,1480,3,2.17,1
1714,2817,14,3.02,1
1715,2556,6,3.44,1
1716,2054,14,3.44,1
1717,2506,3,2.55,1
1718,2709,7,2.84,1
1719,2661,12,2.68,0
1720,1735,6,3.85,1
1721,1964,13,3.22,1
1722,2507,12,2.3,1
1723,1552,15,3.54,1
1724,1187,6,3.8,0
1725,2403,7,3.46,1
1726,2741,8,3.68,1
1727,1871,7,,1
1728,1090,15,2.82,1
1729,2842,8,2.44,1
1730,2084,5,2.63,1
1731,1975,3,3.31,0
1732,2803,13,2.2,1
1733,2570,13,3.32,0
1734,1079,14,3.07,1
1735,2197,16,2.31,0
1736,1286,18,2.73,1
1737,2494,5,3.13,0
1738,2322,12,2.28,1
1739,1089,9,3.17,1
1740,1154,10,3.05,1
1741,1204,4,3.38,0
1742,2788,10,3.73,1
1743,1827,18,2.99,1
1744,1946,7,3.37,0
1745,1598,20,2.83,0
1746,1099,12,2.41,1
1747,2631,11,2.75,1
1748,1592,8,2.55,1
1749,2001,1,2.19,1
1750,2433,16,3.58,1
1751,2428,2,2.3,1
1752,2692,2,2.65,1
1753,1556,10,2.8,1
1754,2334,16,2.64,1
1755,2263,12,2.81,1
1756,1079,5,2.8,1
1757,2476,15,3.26,1
1758,1855,19,3.68,0
1759,2484,20,3.24,1
1760,2235,3,2.8,1
1761,2830,2,3.91,1
1762,1796,16,3.88,0
1763,1716,7,2.01,0
1764,2645,18,3.14,0
1765,1373,17,2.1,0
1766,1183,1,2.32,1
1767,1333,6,2.97,1
1768,2132,5,3.01,1
1769,2414,15,3.16,1
1770,2723,13,3.5,1
1771,2834,4,3.85,1
1772,2626,19,2.3,0
1773,1829,14,2.31,1
1774,1080,16,2.49,1
1775,2066,4,3.58,1
1776,2935,14,2.08,0
1777,2957,2,2.53,1
1778,2884,20,2.23,1
1779,1829,17,3.72,0
1780,1632,13,2.54,0
1781,1270,9,2.25,1
1782,2813,6,3.31,0
1783,2208,3,3.82,1
1784,1954,9,3.07,0
1785,1579,14,3.56,1
1786,1115,3,3.41,1
1787,1977,4,3.07,1
1788,2564,9,2.74,1
1789,2977,19,2.9,1
1790,2518,20,3.47,1
1791,2499,5,3.18,1
1792,1871,14,,1
1793,1173,16,3.43,1
1794,2154,6,3.49,0
1795,2633,4,3.25,1
1796,1096,5,3.7,1
1797,2061,7,3.42,1
1798,1119,18,,1
1799,1680,12,2.15,1
1800,1550,11,2.69,1
1801,2706,7,2.56,0
1802,1365,6,3.69,0
1803,2415,13,2.45,0
1804,2789,17,3.45,0
1805,2462,16,3.42,0
1806,2111,4,3.71,1
1807,2546,11,3.02,0
1808,2651,10,3.54,1
1809,1577,12,2.69,1
1810,1652,20,3.89,1
1811,1135,3,3.39,1
1812,2143,6,3.15,1
1813,1798,3,2.17,0
1814,2172,4,2.23,1
1815,1869,4,2.46,1
1816,2290,9,3.52,1
1817,1807,15,3.44,0
1818,2504,14,2.96,0
1819,1743,12,3.49,1
1820,2611,16,3.47,1
1821,1616,11,3.41,1
1822,2611,8,2.79,1
1823,1571,8,2.27,1
1824,1429,16,2.23,0
1825,2380,12,2.91,1
1826,2841,10,3.53,1
1827,2756,2,3.28,1
1828,2133,8,2.53,1
1829,2457,8,2.98,1
1830,1289,1,2.81,1
1831,2188,20,2.11,1
1832,1898,20,2.03,1
1833,1147,16,3.14,1
1834,1084,14,2.39,1
1835,1614,5,3.66,1
1836,1519,8,2.42,0
1837,2618,18,2.56,1
1838,2611,8,2.31,1
1839,1468,12,2.11,1
1840,1704,6,3.86,0
1841,1749,5,2.7,1
1842,1776,1,2.19,1
1843,1630,19,2.38,1
1844,1344,11,3.75,1
1845,2106,8,3.39,1
1846,2190,12,3.31,1
1847,2732,15,3.19,1
1848,2547,1,3.89,0
1849,2000,2,2.32,0
1850,2264,13,2.74,1
1851,2583,19,3.76,1
1852,1565,14,2.37,1
1853,1553,20,2.95,0
1854,2945,1,3.69,1
1855,2396,2,2.03,1
1856,1859,11,3.96,1
1857,2638,5,,1
1858,2601,5,3.64,1
1859,1406,9,3.93,0
1860,2291,9,3.97,1
1861,2764,16,2.85,1
1862,1178,3,2.34,0
1863,2742,4,3.88,0
1864,2812,18,3.21,1
1865,1904,10,2.16,1
1866,2731,2,3.29,1
1867,1741,20,2.57,1
1868,1080,7,2.32,1
1869,1609,18,2.5,1
1870,2292,16,2.26,1
1871,1187,16,2.71,1
1872,1450,5,3.38,1
1873,1140,17,3.49,1
1874,2363,7,3.06,1
1875,2707,12,3.82,1
1876,2611,16,3.3,0
1877,1119,4,3.1,0
1878,2578,10,2.58,1
1879,2489,1,2.9,0
1880,2366,4,2.33,0
1881,1923,2,3.62,1
1882,1346,10,2.81,1
1883,2692,7,3.16,1
1884,2765,5,3.92,1
1885,1155,13,3.01,0
1886,2143,9,2.53,1
1887,1354,2,,1
1888,1935,2,2.74,1
1889,1941,11,3.26,1
1890,2824,12,2.83,0
1891,1765,14,2.13,1
1892,2520,3,3.93,1
1893,2776,19,3.88,1
1894,2455,1,2.51,1
1895,2344,1,3.41,1
1896,2063,7,3.66,1
1897,2730,18,3.9,1
1898,1345,15,2.57,0
1899,1466,3,2.15,0
1900,1918,4,2.75,1
1901,2239,14,2.48,1
1902,1131,16,,1
1903,2781,10,,1
1904,2937,11,3.17,1
1905,1246,11,2.54,1
1906,1128,1,3.91,1
1907,1684,12,3.16,1
1908,2353,7,3.63,0
1909,1845,15,2.96,0
1910,1986,2,3.34,1
1911,2062,2,3.41,0
1912,1499,6,2.02,1
1913,2236,9,3.27,1
1914,2079,11,2.22,1
1915,1801,18,2.56,0
1916,2519,15,2.61,1
1917,2020,6,2.72,0
1918,2076,13,3.01,0
1919,1566,14,3.44,0
1920,2887,14,2.35,1
1921,1915,19,2.04,0
1922,1820,20,3.73,1
1923,1748,14,3.78,1
1924,1498,3,2.77,0
1925,2774,6,3.48,1
1926,2198,19,2.02,1
1927,1370,18,3.74,1
1928,2981,1,3.04,0
1929,1024,10,2.03,1
1930,2931,18,2.98,0
1931,2062,11,3.41,1
1932,1288,8,2.73,0
1933,1126,8,2.96,1
1934,1978,5,2.72,1
1935,2324,20,2.14,1
1936,2530,12,3.53,1
1937,1523,1,2.91,1
1938,1140,5,2.15,1
1939,2635,13,3.5,1
1940,2111,17,2.45,1
1941,2486,20,2.32,1
1942,2494,6,2.51,1
1943,2168,7,2.51,1
1944,1401,15,2.49,1
1945,1456,19,2.66,1
1946,1128,6,2.11,1
1947,2938,3,3.82,1
1948,1885,16,3.38,1
1949,1124,12,2.75,1
1950,1794,12,3.28,0
1951,1978,19,2.95,1
1952,2843,9,2.26,1
1953,1054,10,2.76,0
1954,2753,15,3.91,1
1955,1097,2,2.44,0
1956,2405,19,3.0,0
1957,2029,17,2.53,1
1958,2765,6,2.14,1
1959,2851,7,2.75,0
1960,1844,12,2.71,1
1961,1315,13,3.94,1
1962,1950,4,2.57,1
1963,2872,1,3.91,0
1964,2558,9,3.56,1
1965,1411,19,2.32,1
1966,1184,17,2.09,1
1967,1815,19,2.12,1
1968,2928,1,2.68,1
1969,1876,2,2.36,1
1970,2997,6,3.53,1
1971,1472,17,2.1,0
1972,2223,19,2.01,1
1973,2157,20,3.56,1
1974,2584,6,2.79,1
1975,2938,8,3.06,1
1976,1022,12,3.75,1
1977,1226,20,2.25,0
1978,2418,19,3.17,1
1979,2393,2,3.66,1
1980,1345,11,2.09,0
1981,1778,19,2.05,1
1982,1665,11,2.51,0
1983,2518,18,3.3,1
1984,1874,11,3.4,1
1985,1513,6,2.85,1
1986,2956,13,3.46,1
1987,2332,1,3.69,1
1988,1429,17,3.12,1
1989,2488,1,3.89,1
1990,1703,9,3.11,1
1991,2208,17,2.63,1
1992,1947,20,2.05,0
1993,2885,4,3.45,0
1994,2227,13,3.19,1
1995,2628,6,2.59,1
1996,1833,1,2.62,1
1997,2502,6,2.6,1
1998,2691,13,2.13,1
1999,2328,17,2.46,1
2000,2750,13,3.11,0
